{
  "best_expression": "X4**2*cos(X0)**2/X2**2",
  "task_type": "classification",
  "detected_automatically": true,
  "train_metrics": {
    "f1_score": 0.9583333333333333,
    "precision": 0.9387755102040817,
    "recall": 0.9787234042553191,
    "accuracy": 0.9285714285714286,
    "confusion_matrix": [
      [
        6,
        3
      ],
      [
        1,
        46
      ]
    ],
    "auc_score": 0.8274231678486998,
    "ks_score": 0.7565011820330969,
    "fpr": [
      0.0,
      1.0
    ],
    "tpr": [
      0.0,
      1.0
    ],
    "thresholds": [
      0.0,
      1.0
    ]
  },
  "test_metrics": {
    "f1_score": 1.0,
    "precision": 1.0,
    "recall": 1.0,
    "accuracy": 1.0,
    "confusion_matrix": [
      [
        4,
        0
      ],
      [
        0,
        11
      ]
    ],
    "auc_score": 1.0,
    "ks_score": 1.0,
    "fpr": [
      0.0,
      1.0
    ],
    "tpr": [
      0.0,
      1.0
    ],
    "thresholds": [
      0.0,
      1.0
    ]
  }
}