{
    "best_expression": "X24/tan(X23)",
    "train_metrics": {
        "f1_score": 0.9583333333333333,
        "precision": 0.9387755102040817,
        "recall": 0.9787234042553191,
        "accuracy": 0.9285714285714286,
        "confusion_matrix": [
            [
                6,
                3
            ],
            [
                1,
                46
            ]
        ],
        "auc_score": 0.9101654846335697,
        "ks_score": 0.7352245862884161,
        "fpr": [
            0.0,
            0.0,
            0.0,
            0.1111111111111111,
            0.1111111111111111,
            0.2222222222222222,
            0.2222222222222222,
            0.3333333333333333,
            0.3333333333333333,
            0.4444444444444444,
            0.4444444444444444,
            1.0
        ],
        "tpr": [
            0.0,
            0.02127659574468085,
            0.574468085106383,
            0.574468085106383,
            0.6808510638297872,
            0.6808510638297872,
            0.9574468085106383,
            0.9574468085106383,
            0.9787234042553191,
            0.9787234042553191,
            1.0,
            1.0
        ],
        "thresholds": [
            Infinity,
            185.1851806640625,
            6.732721328735352,
            5.8541154861450195,
            2.8361263275146484,
            2.4269051551818848,
            0.6140350699424744,
            0.526675283908844,
            0.513929009437561,
            0.3701443374156952,
            0.28466278314590454,
            0.02140001207590103
        ]
    },
    "test_metrics": {
        "f1_score": 1.0,
        "precision": 1.0,
        "recall": 1.0,
        "accuracy": 1.0,
        "confusion_matrix": [
            [
                4,
                0
            ],
            [
                0,
                11
            ]
        ],
        "auc_score": 1.0,
        "ks_score": 1.0,
        "fpr": [
            0.0,
            0.0,
            0.0,
            1.0
        ],
        "tpr": [
            0.0,
            0.09090909090909091,
            1.0,
            1.0
        ],
        "thresholds": [
            Infinity,
            29.31304168701172,
            1.1136232614517212,
            0.02647322788834572
        ]
    }
}